desfecho,rotulo,direcao,casas,n_pares,media_a,media_b,var_pct,ic_lo,ic_hi,r,p_bruto,n_favoravel_b,n_empate,p_holm
veiculos,Veículos utilizados,menor,2,2400,2.279166666666667,3.057916666666667,34.168190127970746,32.38190314120684,36.07055539290464,0.8527980855470545,2.673572278281815e-228,164,679,1.604143366969089e-227
dist_km,Distância total (km),menor,2,2400,112.28635833333334,111.90434166666668,-0.3402164540171506,-2.036296651078388,1.4113968508577892,0.12175994979949545,2.740311931403486e-07,915,24,5.469306259048851e-07
custo_brl,Custo de combustível (R\$),menor,2,2400,272.6987875,271.7710208333333,-0.34021664532215223,-2.022966217494489,1.3847722331902736,0.1217691570026446,2.7346531295244256e-07,915,24,5.469306259048851e-07
cobertura,Cobertura da demanda (\%),maior,2,2400,89.90350856988613,70.98460055582092,-21.04357028442185,-22.190253850752864,-19.925993778009254,-1.0,8.253842982085651e-138,0,1568,3.3015371928342603e-137
custo_por_pass,Custo por pass.\ servido (R\$),menor,2,2400,3.2571687544828607,4.786887623742534,46.964679590343984,45.70362917460304,48.22854523382234,0.9866750523039963,0.0,113,24,0.0
pico,Pico de lotação (pass.),menor,2,2400,41.24666666666667,28.70375,-30.40952804267012,-31.51829323873448,-29.29387077688799,-0.927419401425803,7.047434147404267e-300,1881,279,5.637947317923414e-299
superlotados,Veículos superlotados,menor,3,2400,0.20166666666666666,0.0,-99.99999999999999,-100.00000000000001,-99.99999999999999,-1.0,5.039220875244418e-80,411,1989,1.5117662625733253e-79
desconforto,Passageiros em desconforto,menor,2,2400,12.505,2.59875,-79.21831267493002,-81.04379529764127,-77.36644649053447,-0.9573600070339128,5.962777209494198e-210,1310,1010,2.981388604747099e-209
acima_tempo,Rotas acima de 90 min,menor,2,2400,1.485,0.3883333333333333,-73.84960718294052,-75.45091559776839,-72.25009299370414,-0.9513139807354575,3.0466362270339636e-285,1735,592,2.1326453589237745e-284
